"RMSE","R2","lambda_min"
28621.7757474129,0.464067187201305,336419.597124885
